Workbook

Sheet Raw data Pt
A1: Nimbus ID | B1: Child’s bedtime | C1: Child’s usual wake time | D1: Amount of sleep each night (no naps) (hh:mm) | E1: Amount of sleep each day (naps) (hh:mm) | F1: Scoring: 1 (Usually), 2 (Sometimes), 3 (Rarely) | L1: Scoring: 0 (Not Sleepy), 1 (Very Sleepy), 2 (Falls Asleep) | N1: Scoring: 3 (Usually), 2 (Sometimes), 1 (Rarely)
F2: Subscale 1 | G2: Subscale 1 | H2: Subscale 2 | I2: Subscale 3 | J2: Subscale 3 | K2: Subscale 8 | L2: Subscale 8 | M2: Subscale 8 | N2: Subscale 1 | O2: Subscale 1 | P2: Subscale 1, 4 | Q2: Subscale 1, 4 | R2: Subscale 3 | S2: Subscale 4 | T2: Subscale 4 | U2: Subscale 5 | V2: Subscale 5 | W2: Subscale 5 | X2: Minutes a night waking usually lasts | Y2: Subscale 6 | Z2: Subscale 6 | AA2: Subscale 6 | AB2: Subscale 6 | AC2: Subscale 6 | AD2: Subscale 6 | AE2: Subscale 6 | AF2: Subscale 7 | AG2: Subscale 7 | AH2: Subscale 7 | AI2: Subscale 8 | AJ2: Subscale 8 | AK2: Subscale 8 | AL2: Subscale 8 | AM2: Subscale 8 | AN2: Comments
F3: 1 | G3: 2 | H3: 3 | I3: 4 | J3: 5 | K3: 6 | L3: 7 | M3: 8 | N3: 9 | O3: 10 | P3: 11 | Q3: 12 | R3: 13 | S3: 14 | T3: 15 | U3: 16 | V3: 17 | W3: 18 | Y3: 19 | Z3: 20 | AA3: 21 | AB3: 22 | AC3: 23 | AD3: 24 | AE3: 25 | AF3: 26 | AG3: 27 | AH3: 28 | AI3: 29 | AJ3: 30 | AK3: 31 | AL3: 32 | AM3: 33
A4: TUH06 | B4: 0.91666667 | C4: 0.33333333 | D4: 0.34722222 | E4: 0.0625 | F4: 1 | G4: 1 | H4: 2 | I4: 1 | J4: 1 | K4: 1 | L4: 0 | M4: 2 | N4: 1 | O4: 1 | P4: 1 | Q4: 1 | R4: 1 | S4: 1 | T4: 1 | V4: 3 | W4: 1 | X4: 0.020833333 | Y4: 1 | Z4: 1 | AA4: 1 | AB4: 1 | AC4: 2 | AD4: 1 | AE4: 1 | AF4: 3 | AG4: 2 | AH4: 3 | AI4: 1 | AJ4: 1 | AK4: 1 | AL4: 1 | AM4: 1
A5: TUH09 | B5: 0.85416667 | C5: 0.29166667 | D5: 0.4375 | F5: 1 | G5: 1 | H5: 2 | I5: 1 | J5: 1 | K5: 1 | N5: 1 | O5: 1 | P5: 1 | Q5: 1 | R5: 1 | S5: 1 | T5: 1 | U5: 1 | V5: 1 | W5: 3 | Y5: 1 | Z5: 1 | AA5: 1 | AB5: 1 | AC5: 1 | AD5: 1 | AE5: 1 | AF5: 2 | AG5: 2 | AH5: 2 | AI5: 1 | AJ5: 1 | AK5: 1 | AL5: 1 | AM5: 2
A6: THU10 | B6: 0.83333333 | C6: 0.29166667 | D6: 0.45833333 | E6: 0 | F6: 1 | G6: 3 | H6: 3 | I6: 2 | J6: 3 | K6: 1 | L6: 1 | M6: 0 | N6: 1 | O6: 3 | P6: 3 | Q6: 3 | R6: 3 | S6: 1 | T6: 1 | U6: 3 | V6: 3 | W6: 3 | X6: 0.125 | Y6: 1 | Z6: 3 | AA6: 1 | AB6: 1 | AC6: 3 | AD6: 2 | AE6: 1 | AF6: 1 | AG6: 1 | AH6: 3 | AI6: 3 | AJ6: 1 | AK6: 1 | AL6: 3 | AM6: 3
A7: THU11 | B7: 0.875 | C7: 0.25 | D7: 0.375 | E7: 0 | F7: 3 | G7: 3 | H7: 3 | I7: 3 | J7: 3 | K7: 1 | L7: 0 | M7: 0 | N7: 2 | O7: 3 | P7: 3 | Q7: 3 | R7: 3 | S7: 3 | T7: 3 | U7: 1 | V7: 3 | W7: 3 | Y7: 3 | Z7: 3 | AA7: 1 | AB7: 1 | AC7: 3 | AD7: 3 | AE7: 3 | AF7: 3 | AG7: 3 | AH7: 3 | AI7: 2 | AJ7: 3 | AK7: 1 | AL7: 3 | AM7: 1
A8: THU12 | B8: 0.85416667 | C8: 0.85416667 | D8: 0.5 | E8: 0.083333333 | F8: 1 | G8: 1 | H8: 3 | I8: 2 | J8: 2 | K8: 1 | L8: 2 | M8: 2 | N8: 2 | O8: 2 | P8: 1 | Q8: 1 | R8: 1 | S8: 1 | T8: 3 | U8: 2 | V8: 1 | W8: 3 | X8: 0.083333333 | Y8: 1 | Z8: 3 | AA8: 1 | AB8: 3 | AC8: 1 | AD8: 3 | AE8: 2 | AF8: 2 | AG8: 3 | AH8: 2 | AI8: 2 | AJ8: 3 | AK8: 1 | AL8: 2 | AM8: 3
A9: THU13 | B9: 0.91666667 | C9: 0.29166667 | D9: 0.375 | E9: 0.125 | F9: 1 | G9: 3 | H9: 1 | I9: 1 | J9: 2 | K9: 1 | L9: 0 | M9: 2 | N9: 3 | O9: 1 | P9: 3 | Q9: 1 | R9: 2 | S9: 1 | T9: 1 | U9: 3 | V9: 3 | W9: 2 | X9: 0.0069444444 | Y9: 1 | Z9: 1 | AA9: 1 | AB9: 2 | AC9: 1 | AD9: 1 | AE9: 3 | AF9: 3 | AG9: 2 | AH9: 2 | AI9: 2 | AJ9: 2 | AK9: 1 | AL9: 2 | AM9: 1
A10: THU15 | B10: 0.91666667 | C10: 0.3125 | D10: 0.35416667 | E10: 0.041666667 | F10: 1 | G10: 3 | H10: 1 | I10: 1 | J10: 2 | K10: 1 | L10: 0 | M10: 1 | N10: 1 | O10: 1 | P10: 3 | Q10: 3 | R10: 2 | S10: 1 | T10: 1 | U10: 1 | V10: 3 | W10: 3 | X10: 0.0020833333 | Y10: 1 | Z10: 3 | AA10: 1 | AB10: 3 | AC10: 2 | AD10: 1 | AE10: 1 | AF10: 1 | AG10: 3 | AH10: 3 | AI10: 1 | AJ10: 1 | AK10: 1 | AL10: 1 | AM10: 1
A11: THU16 | B11: 0.83333333 | C11: 0.29166667 | D11: 0.45833333 | E11: 0.14583333 | F11: 2 | G11: 1 | H11: 3 | I11: 1 | J11: 2 | K11: 1 | L11: 2 | M11: 0 | N11: 1 | O11: 1 | P11: 1 | Q11: 1 | R11: 1 | S11: 3 | T11: 1 | U11: 1 | V11: 2 | W11: 2 | X11: 0.0013888889 | Y11: 1 | Z11: 1 | AA11: 1 | AB11: 3 | AC11: 1 | AD11: 1 | AE11: 1 | AF11: 1 | AG11: 1 | AH11: 1 | AI11: 1 | AJ11: 3 | AK11: 1 | AM11: 3
A12: THU17 | F12: 2 | G12: 3 | H12: 3 | I12: 2 | J12: 2 | K12: 1 | L12: 0 | M12: 0 | N12: 2 | O12: 2 | P12: 3 | Q12: 1 | R12: 1 | S12: 1 | T12: 1 | U12: 1 | V12: 2 | W12: 1 | X12: 0.020833333 | Y12: 1 | Z12: 2 | AA12: 1 | AB12: 1 | AC12: 2 | AD12: 1 | AE12: 1 | AF12: 3 | AG12: 3 | AH12: 3 | AI12: 1 | AJ12: 1 | AK12: 1 | AL12: 1 | AM12: 1
A13: THU18 | B13: 0.83333333 | C13: 0.20833333 | D13: 0.375 | E13: 0.0625 | F13: 1 | G13: 3 | H13: 3 | I13: 1 | J13: 1 | K13: 1 | L13: 2 | M13: 2 | N13: 1 | O13: 1 | P13: 3 | Q13: 1 | R13: 1 | S13: 1 | T13: 1 | U13: 1 | V13: 3 | W13: 3 | X13: 0.041666667 | Y13: 1 | Z13: 1 | AA13: 1 | AB13: 3 | AC13: 3 | AD13: 1 | AE13: 1 | AF13: 3 | AG13: 3 | AH13: 3 | AI13: 1 | AJ13: 3 | AK13: 3 | AL13: 3 | AM13: 1
A14: THU19 | B14: 0.91666667 | C14: 0.27083333 | D14: 0.35416667 | E14: 0.083333333 | F14: 2 | G14: 2 | H14: 2 | I14: 1 | J14: 1 | K14: 1 | L14: 2 | M14: 0 | N14: 1 | O14: 2 | P14: 1 | Q14: 1 | R14: 1 | S14: 1 | T14: 1 | U14: 1 | V14: 3 | W14: 3 | X14: 0.0069444444 | Y14: 1 | Z14: 1 | AA14: 1 | AB14: 2 | AC14: 1 | AD14: 1 | AE14: 1 | AF14: 1 | AG14: 2 | AH14: 2 | AI14: 2 | AJ14: 1 | AK14: 1 | AL14: 1 | AM14: 1
A15: TUH20 | B15: 0.85416667 | C15: 0.33333333 | D15: 0.52083333 | F15: 1 | G15: 1 | H15: 1 | I15: 1 | J15: 1 | K15: 2 | L15: 1 | M15: 2 | N15: 1 | O15: 1 | P15: 1 | Q15: 1 | R15: 1 | S15: 1 | T15: 1 | U15: 1 | V15: 1 | W15: 1 | Y15: 1 | Z15: 1 | AA15: 1 | AB15: 3 | AC15: 1 | AD15: 1 | AE15: 1 | AF15: 1 | AG15: 1 | AH15: 1 | AI15: 1 | AJ15: 1 | AK15: 1 | AL15: 1 | AM15: 1
A16: THU22 | F16: 1 | G16: 1 | H16: 3 | I16: 1 | J16: 2 | K16: 1 | L16: 2 | M16: 2 | N16: 1 | O16: 1 | P16: 1 | Q16: 1 | R16: 1 | S16: 1 | T16: 1 | U16: 1 | V16: 1 | W16: 2 | Y16: 1 | Z16: 1 | AA16: 1 | AB16: 1 | AC16: 1 | AD16: 1 | AE16: 2 | AF16: 2 | AG16: 1 | AH16: 1 | AI16: 1 | AJ16: 1 | AK16: 1 | AL16: 1 | AM16: 1
A17: THU23 | B17: 0.85416667 | C17: 0.27083333 | D17: 0.41666667 | E17: 0 | F17: 1 | G17: 1 | H17: 1 | I17: 1 | J17: 1 | K17: 1 | L17: 0 | M17: 0 | N17: 1 | O17: 1 | P17: 1 | Q17: 1 | R17: 1 | S17: 1 | T17: 1 | U17: 1 | V17: 3 | W17: 2 | X17: 0.010416667 | Y17: 1 | Z17: 1 | AA17: 1 | AB17: 3 | AC17: 3 | AD17: 1 | AE17: 1 | AF17: 2 | AG17: 1 | AH17: 1 | AI17: 1 | AJ17: 1 | AK17: 1 | AL17: 2 | AM17: 1
A18: THU24 | B18: 0.79166667 | F18: 1 | G18: 1 | H18: 3 | I18: 2 | J18: 2 | K18: 1 | L18: 1 | M18: 2 | N18: 2 | O18: 2 | P18: 1 | Q18: 1 | R18: 2 | S18: 1 | T18: 1 | U18: 3 | V18: 2 | W18: 3 | X18: 0.041666667 | Y18: 1 | Z18: 2 | AA18: 1 | AB18: 1 | AC18: 2 | AD18: 2 | AE18: 2 | AF18: 1 | AG18: 1 | AH18: 1 | AI18: 2 | AJ18: 1 | AK18: 1 | AL18: 1 | AM18: 2
A19: THU25 | B19: 0.89583333 | C19: 0.3125 | D19: 0.41666667 | E19: 0.0625 | F19: 1 | G19: 1 | H19: 1 | I19: 2 | J19: 2 | K19: 1 | L19: 0 | M19: 2 | N19: 2 | O19: 1 | P19: 2 | Q19: 1 | R19: 2 | S19: 1 | T19: 1 | U19: 1 | V19: 2 | W19: 2 | X19: 0.0034722222 | Y19: 1 | Z19: 1 | AA19: 1 | AB19: 2 | AC19: 1 | AD19: 1 | AE19: 1 | AF19: 1 | AG19: 1 | AH19: 1 | AI19: 1 | AJ19: 1 | AK19: 1 | AL19: 1 | AM19: 1
A20: THU26 | B20: 0.85416667 | C20: 0.22916667 | D20: 0.375 | E20: 0.0625 | F20: 1 | G20: 1 | H20: 3 | I20: 2 | J20: 2 | K20: 1 | L20: 0 | M20: 2 | N20: 1 | O20: 3 | P20: 2 | Q20: 2 | R20: 2 | S20: 3 | T20: 2 | U20: 1 | V20: 1 | W20: 2 | X20: 0.020833333 | Y20: 1 | Z20: 2 | AA20: 1 | AB20: 1 | AC20: 1 | AD20: 1 | AE20: 1 | AF20: 3 | AG20: 3 | AH20: 2 | AI20: 1 | AJ20: 1 | AK20: 1 | AL20: 1 | AM20: 2
A21: THU27 | B21: 0.83333333 | C21: 0.27083333 | D21: 0.4375 | E21: 0 | F21: 1 | G21: 1 | H21: 1 | I21: 1 | J21: 1 | K21: 1 | L21: 0 | M21: 0 | N21: 1 | O21: 1 | P21: 1 | Q21: 1 | R21: 1 | S21: 1 | T21: 2 | U21: 1 | V21: 1 | W21: 1 | Y21: 1 | Z21: 1 | AA21: 1 | AB21: 1 | AC21: 1 | AD21: 1 | AE21: 1 | AF21: 1 | AG21: 1 | AH21: 1 | AI21: 1 | AJ21: 2 | AK21: 1 | AL21: 1 | AM21: 1
A22: THU28 | B22: 0.89583333 | C22: 0.25 | D22: 0.35416667 | E22: 0.125 | F22: 1 | G22: 3 | H22: 2 | I22: 1 | J22: 2 | K22: 1 | N22: 2 | O22: 2 | P22: 3 | Q22: 1 | R22: 2 | S22: 1 | T22: 1 | V22: 3 | W22: 2 | Z22: 2 | AD22: 2 | AF22: 2 | AG22: 1 | AI22: 1 | AJ22: 1 | AK22: 1 | AL22: 1 | AM22: 1

Sheet Scoring Pt
A1: Nimbus ID | B1: Subscale 1 (6-18) | C1: Subscale 2 (1-3) | D1: Subscale 3 (3-9) | E1: Subscale 4 (4-12) | F1: Subscale 5 (3-9) | G1: Subscale 6 (7-21) | H1: Subscale 7 (3-9) | I1: Subscale 8 (6-22) | J1: Total sleep disturbance score (31-97)
B2: Bedtime Resistance | C2: Sleep Onset Delay | D2: Sleep Duration | E2: Sleep Anxiety | F2: Night Wakings | G2: Parasomnias | H2: Sleep Disordered Breathing | I2: Daytime sleepiness
A3: TUH06 | B3: =SUM('Raw data Pt'!F4:G4,'Raw data Pt'!N4:Q4) -> 6 | C3: ='Raw data Pt'!H4 -> 2 | D3: =SUM('Raw data Pt'!I4:J4,'Raw data Pt'!R4) -> 3 | E3: =SUM('Raw data Pt'!P4:Q4,'Raw data Pt'!S4:T4) -> 4 | F3: =SUM('Raw data Pt'!U4:W4) -> 4 | G3: =SUM('Raw data Pt'!Y4:AE4) -> 8 | H3: =SUM('Raw data Pt'!AF4:AH4) -> 8 | I3: =SUM('Raw data Pt'!K4:M4,'Raw data Pt'!AI4:AM4) -> 8 | J3: =SUM('Raw data Pt'!F4:W4,'Raw data Pt'!Y4:AM4) -> 41
A4: TUH09 | B4: =SUM('Raw data Pt'!F5:G5,'Raw data Pt'!N5:Q5) -> 6 | C4: ='Raw data Pt'!H5 -> 2 | D4: =SUM('Raw data Pt'!I5:J5,'Raw data Pt'!R5) -> 3 | E4: =SUM('Raw data Pt'!P5:Q5,'Raw data Pt'!S5:T5) -> 4 | F4: =SUM('Raw data Pt'!U5:W5) -> 5 | G4: =SUM('Raw data Pt'!Y5:AE5) -> 7 | H4: =SUM('Raw data Pt'!AF5:AH5) -> 6 | I4: =SUM('Raw data Pt'!K5:M5,'Raw data Pt'!AI5:AM5) -> 7 | J4: =SUM('Raw data Pt'!F5:W5,'Raw data Pt'!Y5:AM5) -> 38
A5: THU10 | B5: =SUM('Raw data Pt'!F6:G6,'Raw data Pt'!N6:Q6) -> 14 | C5: ='Raw data Pt'!H6 -> 3 | D5: =SUM('Raw data Pt'!I6:J6,'Raw data Pt'!R6) -> 8 | E5: =SUM('Raw data Pt'!P6:Q6,'Raw data Pt'!S6:T6) -> 8 | F5: =SUM('Raw data Pt'!U6:W6) -> 9 | G5: =SUM('Raw data Pt'!Y6:AE6) -> 12 | H5: =SUM('Raw data Pt'!AF6:AH6) -> 5 | I5: =SUM('Raw data Pt'!K6:M6,'Raw data Pt'!AI6:AM6) -> 13 | J5: =SUM('Raw data Pt'!F6:W6,'Raw data Pt'!Y6:AM6) -> 66
A6: THU11 | B6: =SUM('Raw data Pt'!F7:G7,'Raw data Pt'!N7:Q7) -> 17 | C6: ='Raw data Pt'!H7 -> 3 | D6: =SUM('Raw data Pt'!I7:J7,'Raw data Pt'!R7) -> 9 | E6: =SUM('Raw data Pt'!P7:Q7,'Raw data Pt'!S7:T7) -> 12 | F6: =SUM('Raw data Pt'!U7:W7) -> 7 | G6: =SUM('Raw data Pt'!Y7:AE7) -> 17 | H6: =SUM('Raw data Pt'!AF7:AH7) -> 9 | I6: =SUM('Raw data Pt'!K7:M7,'Raw data Pt'!AI7:AM7) -> 11 | J6: =SUM('Raw data Pt'!F7:W7,'Raw data Pt'!Y7:AM7) -> 79 | K6: Different numbers for 7, 8, 16, 17 and 18 possibly due to Clinical evaluation.
A7: THU12 | B7: =SUM('Raw data Pt'!F8:G8,'Raw data Pt'!N8:Q8) -> 8 | C7: ='Raw data Pt'!H8 -> 3 | D7: =SUM('Raw data Pt'!I8:J8,'Raw data Pt'!R8) -> 5 | E7: =SUM('Raw data Pt'!P8:Q8,'Raw data Pt'!S8:T8) -> 6 | F7: =SUM('Raw data Pt'!U8:W8) -> 6 | G7: =SUM('Raw data Pt'!Y8:AE8) -> 14 | H7: =SUM('Raw data Pt'!AF8:AH8) -> 7 | I7: =SUM('Raw data Pt'!K8:M8,'Raw data Pt'!AI8:AM8) -> 16 | J7: =SUM('Raw data Pt'!F8:W8,'Raw data Pt'!Y8:AM8) -> 63
A8: THU13 | B8: =SUM('Raw data Pt'!F9:G9,'Raw data Pt'!N9:Q9) -> 12 | C8: ='Raw data Pt'!H9 -> 1 | D8: =SUM('Raw data Pt'!I9:J9,'Raw data Pt'!R9) -> 5 | E8: =SUM('Raw data Pt'!P9:Q9,'Raw data Pt'!S9:T9) -> 6 | F8: =SUM('Raw data Pt'!U9:W9) -> 8 | G8: =SUM('Raw data Pt'!Y9:AE9) -> 10 | H8: =SUM('Raw data Pt'!AF9:AH9) -> 7 | I8: =SUM('Raw data Pt'!K9:M9,'Raw data Pt'!AI9:AM9) -> 11 | J8: =SUM('Raw data Pt'!F9:W9,'Raw data Pt'!Y9:AM9) -> 56
A9: THU15 | B9: =SUM('Raw data Pt'!F10:G10,'Raw data Pt'!N10:Q10) -> 12 | C9: ='Raw data Pt'!H10 -> 1 | D9: =SUM('Raw data Pt'!I10:J10,'Raw data Pt'!R10) -> 5 | E9: =SUM('Raw data Pt'!P10:Q10,'Raw data Pt'!S10:T10) -> 8 | F9: =SUM('Raw data Pt'!U10:W10) -> 7 | G9: =SUM('Raw data Pt'!Y10:AE10) -> 12 | H9: =SUM('Raw data Pt'!AF10:AH10) -> 7 | I9: =SUM('Raw data Pt'!K10:M10,'Raw data Pt'!AI10:AM10) -> 7 | J9: =SUM('Raw data Pt'!F10:W10,'Raw data Pt'!Y10:AM10) -> 53 | K9: Different numbers for 17 and 18, possibly due to Clinical evaluation. Final values add to 53, different to 54 from previous analysis
A10: THU16 | B10: =SUM('Raw data Pt'!F11:G11,'Raw data Pt'!N11:Q11) -> 7 | C10: ='Raw data Pt'!H11 -> 3 | D10: =SUM('Raw data Pt'!I11:J11,'Raw data Pt'!R11) -> 4 | E10: =SUM('Raw data Pt'!P11:Q11,'Raw data Pt'!S11:T11) -> 6 | F10: =SUM('Raw data Pt'!U11:W11) -> 5 | G10: =SUM('Raw data Pt'!Y11:AE11) -> 9 | H10: =SUM('Raw data Pt'!AF11:AH11) -> 3 | I10: =SUM('Raw data Pt'!K11:M11,'Raw data Pt'!AI11:AM11) -> 11 | J10: =SUM('Raw data Pt'!F11:W11,'Raw data Pt'!Y11:AM11) -> 46 | K10: 30 and 33 were answered as "Yes", this was not reflected in previous analysis.
A11: THU17 | B11: =SUM('Raw data Pt'!F12:G12,'Raw data Pt'!N12:Q12) -> 13 | C11: ='Raw data Pt'!H12 -> 3 | D11: =SUM('Raw data Pt'!I12:J12,'Raw data Pt'!R12) -> 5 | E11: =SUM('Raw data Pt'!P12:Q12,'Raw data Pt'!S12:T12) -> 6 | F11: =SUM('Raw data Pt'!U12:W12) -> 4 | G11: =SUM('Raw data Pt'!Y12:AE12) -> 9 | H11: =SUM('Raw data Pt'!AF12:AH12) -> 9 | I11: =SUM('Raw data Pt'!K12:M12,'Raw data Pt'!AI12:AM12) -> 6 | J11: =SUM('Raw data Pt'!F12:W12,'Raw data Pt'!Y12:AM12) -> 51
A12: THU18 | B12: =SUM('Raw data Pt'!F13:G13,'Raw data Pt'!N13:Q13) -> 10 | C12: ='Raw data Pt'!H13 -> 3 | D12: =SUM('Raw data Pt'!I13:J13,'Raw data Pt'!R13) -> 3 | E12: =SUM('Raw data Pt'!P13:Q13,'Raw data Pt'!S13:T13) -> 6 | F12: =SUM('Raw data Pt'!U13:W13) -> 7 | G12: =SUM('Raw data Pt'!Y13:AE13) -> 11 | H12: =SUM('Raw data Pt'!AF13:AH13) -> 9 | I12: =SUM('Raw data Pt'!K13:M13,'Raw data Pt'!AI13:AM13) -> 16 | J12: =SUM('Raw data Pt'!F13:W13,'Raw data Pt'!Y13:AM13) -> 61
A13: THU19 | B13: =SUM('Raw data Pt'!F14:G14,'Raw data Pt'!N14:Q14) -> 9 | C13: ='Raw data Pt'!H14 -> 2 | D13: =SUM('Raw data Pt'!I14:J14,'Raw data Pt'!R14) -> 3 | E13: =SUM('Raw data Pt'!P14:Q14,'Raw data Pt'!S14:T14) -> 4 | F13: =SUM('Raw data Pt'!U14:W14) -> 7 | G13: =SUM('Raw data Pt'!Y14:AE14) -> 8 | H13: =SUM('Raw data Pt'!AF14:AH14) -> 5 | I13: =SUM('Raw data Pt'!K14:M14,'Raw data Pt'!AI14:AM14) -> 9 | J13: =SUM('Raw data Pt'!F14:W14,'Raw data Pt'!Y14:AM14) -> 45
A14: TUH20 | B14: =SUM('Raw data Pt'!F15:G15,'Raw data Pt'!N15:Q15) -> 6 | C14: ='Raw data Pt'!H15 -> 1 | D14: =SUM('Raw data Pt'!I15:J15,'Raw data Pt'!R15) -> 3 | E14: =SUM('Raw data Pt'!P15:Q15,'Raw data Pt'!S15:T15) -> 4 | F14: =SUM('Raw data Pt'!U15:W15) -> 3 | G14: =SUM('Raw data Pt'!Y15:AE15) -> 9 | H14: =SUM('Raw data Pt'!AF15:AH15) -> 3 | I14: =SUM('Raw data Pt'!K15:M15,'Raw data Pt'!AI15:AM15) -> 10 | J14: =SUM('Raw data Pt'!F15:W15,'Raw data Pt'!Y15:AM15) -> 37
A15: THU22 | B15: =SUM('Raw data Pt'!F16:G16,'Raw data Pt'!N16:Q16) -> 6 | C15: ='Raw data Pt'!H16 -> 3 | D15: =SUM('Raw data Pt'!I16:J16,'Raw data Pt'!R16) -> 4 | E15: =SUM('Raw data Pt'!P16:Q16,'Raw data Pt'!S16:T16) -> 4 | F15: =SUM('Raw data Pt'!U16:W16) -> 4 | G15: =SUM('Raw data Pt'!Y16:AE16) -> 8 | H15: =SUM('Raw data Pt'!AF16:AH16) -> 4 | I15: =SUM('Raw data Pt'!K16:M16,'Raw data Pt'!AI16:AM16) -> 10 | J15: =SUM('Raw data Pt'!F16:W16,'Raw data Pt'!Y16:AM16) -> 41 | K15: The previous score recorded 18 as 1; it should be 2.
A16: THU23 | B16: =SUM('Raw data Pt'!F17:G17,'Raw data Pt'!N17:Q17) -> 6 | C16: ='Raw data Pt'!H17 -> 1 | D16: =SUM('Raw data Pt'!I17:J17,'Raw data Pt'!R17) -> 3 | E16: =SUM('Raw data Pt'!P17:Q17,'Raw data Pt'!S17:T17) -> 4 | F16: =SUM('Raw data Pt'!U17:W17) -> 6 | G16: =SUM('Raw data Pt'!Y17:AE17) -> 11 | H16: =SUM('Raw data Pt'!AF17:AH17) -> 4 | I16: =SUM('Raw data Pt'!K17:M17,'Raw data Pt'!AI17:AM17) -> 7 | J16: =SUM('Raw data Pt'!F17:W17,'Raw data Pt'!Y17:AM17) -> 40
A17: THU24 | B17: =SUM('Raw data Pt'!F18:G18,'Raw data Pt'!N18:Q18) -> 8 | C17: ='Raw data Pt'!H18 -> 3 | D17: =SUM('Raw data Pt'!I18:J18,'Raw data Pt'!R18) -> 6 | E17: =SUM('Raw data Pt'!P18:Q18,'Raw data Pt'!S18:T18) -> 4 | F17: =SUM('Raw data Pt'!U18:W18) -> 8 | G17: =SUM('Raw data Pt'!Y18:AE18) -> 11 | H17: =SUM('Raw data Pt'!AF18:AH18) -> 3 | I17: =SUM('Raw data Pt'!K18:M18,'Raw data Pt'!AI18:AM18) -> 11 | J17: =SUM('Raw data Pt'!F18:W18,'Raw data Pt'!Y18:AM18) -> 52
A18: THU25 | B18: =SUM('Raw data Pt'!F19:G19,'Raw data Pt'!N19:Q19) -> 8 | C18: ='Raw data Pt'!H19 -> 1 | D18: =SUM('Raw data Pt'!I19:J19,'Raw data Pt'!R19) -> 6 | E18: =SUM('Raw data Pt'!P19:Q19,'Raw data Pt'!S19:T19) -> 5 | F18: =SUM('Raw data Pt'!U19:W19) -> 5 | G18: =SUM('Raw data Pt'!Y19:AE19) -> 8 | H18: =SUM('Raw data Pt'!AF19:AH19) -> 3 | I18: =SUM('Raw data Pt'!K19:M19,'Raw data Pt'!AI19:AM19) -> 8 | J18: =SUM('Raw data Pt'!F19:W19,'Raw data Pt'!Y19:AM19) -> 41
A19: THU26 | B19: =SUM('Raw data Pt'!F20:G20,'Raw data Pt'!N20:Q20) -> 10 | C19: ='Raw data Pt'!H20 -> 3 | D19: =SUM('Raw data Pt'!I20:J20,'Raw data Pt'!R20) -> 6 | E19: =SUM('Raw data Pt'!P20:Q20,'Raw data Pt'!S20:T20) -> 9 | F19: =SUM('Raw data Pt'!U20:W20) -> 4 | G19: =SUM('Raw data Pt'!Y20:AE20) -> 8 | H19: =SUM('Raw data Pt'!AF20:AH20) -> 8 | I19: =SUM('Raw data Pt'!K20:M20,'Raw data Pt'!AI20:AM20) -> 9 | J19: =SUM('Raw data Pt'!F20:W20,'Raw data Pt'!Y20:AM20) -> 53
A20: THU27 | B20: =SUM('Raw data Pt'!F21:G21,'Raw data Pt'!N21:Q21) -> 6 | C20: ='Raw data Pt'!H21 -> 1 | D20: =SUM('Raw data Pt'!I21:J21,'Raw data Pt'!R21) -> 3 | E20: =SUM('Raw data Pt'!P21:Q21,'Raw data Pt'!S21:T21) -> 5 | F20: =SUM('Raw data Pt'!U21:W21) -> 3 | G20: =SUM('Raw data Pt'!Y21:AE21) -> 7 | H20: =SUM('Raw data Pt'!AF21:AH21) -> 3 | I20: =SUM('Raw data Pt'!K21:M21,'Raw data Pt'!AI21:AM21) -> 7 | J20: =SUM('Raw data Pt'!F21:W21,'Raw data Pt'!Y21:AM21) -> 33
A21: THU28 | B21: =SUM('Raw data Pt'!F22:G22,'Raw data Pt'!N22:Q22) -> 12 | C21: ='Raw data Pt'!H22 -> 2 | D21: =SUM('Raw data Pt'!I22:J22,'Raw data Pt'!R22) -> 5 | E21: =SUM('Raw data Pt'!P22:Q22,'Raw data Pt'!S22:T22) -> 6 | F21: =SUM('Raw data Pt'!U22:W22) -> 5 | G21: =SUM('Raw data Pt'!Y22:AE22) -> 4 | H21: =SUM('Raw data Pt'!AF22:AH22) -> 3 | I21: =SUM('Raw data Pt'!K22:M22,'Raw data Pt'!AI22:AM22) -> 6 | J21: =SUM('Raw data Pt'!F22:W22,'Raw data Pt'!Y22:AM22) -> 39 | K21: Previous score did not subtracted repeated values from scoring sheet
B22: =SUM('Raw data Pt'!F23:G23,'Raw data Pt'!N23:Q23) -> 0 | C22: ='Raw data Pt'!H23 -> 0 | D22: =SUM('Raw data Pt'!I23:J23,'Raw data Pt'!R23) -> 0 | E22: =SUM('Raw data Pt'!P23:Q23,'Raw data Pt'!S23:T23) -> 0 | F22: =SUM('Raw data Pt'!U23:W23) -> 0 | G22: =SUM('Raw data Pt'!Y23:AE23) -> 0 | H22: =SUM('Raw data Pt'!AF23:AH23) -> 0 | I22: =SUM('Raw data Pt'!K23:M23,'Raw data Pt'!AI23:AM23) -> 0 | J22: =SUM('Raw data Pt'!F23:W23,'Raw data Pt'!Y23:AM23) -> 0
B23: =SUM('Raw data Pt'!F24:G24,'Raw data Pt'!N24:Q24) -> 0 | C23: ='Raw data Pt'!H24 -> 0 | D23: =SUM('Raw data Pt'!I24:J24,'Raw data Pt'!R24) -> 0 | E23: =SUM('Raw data Pt'!P24:Q24,'Raw data Pt'!S24:T24) -> 0 | F23: =SUM('Raw data Pt'!U24:W24) -> 0 | G23: =SUM('Raw data Pt'!Y24:AE24) -> 0 | H23: =SUM('Raw data Pt'!AF24:AH24) -> 0 | I23: =SUM('Raw data Pt'!K24:M24,'Raw data Pt'!AI24:AM24) -> 0 | J23: =SUM('Raw data Pt'!F24:W24,'Raw data Pt'!Y24:AM24) -> 0
B24: =SUM('Raw data Pt'!F25:G25,'Raw data Pt'!N25:Q25) -> 0 | C24: ='Raw data Pt'!H25 -> 0 | D24: =SUM('Raw data Pt'!I25:J25,'Raw data Pt'!R25) -> 0 | E24: =SUM('Raw data Pt'!P25:Q25,'Raw data Pt'!S25:T25) -> 0 | F24: =SUM('Raw data Pt'!U25:W25) -> 0 | G24: =SUM('Raw data Pt'!Y25:AE25) -> 0 | H24: =SUM('Raw data Pt'!AF25:AH25) -> 0 | I24: =SUM('Raw data Pt'!K25:M25,'Raw data Pt'!AI25:AM25) -> 0 | J24: =SUM('Raw data Pt'!F25:W25,'Raw data Pt'!Y25:AM25) -> 0
B25: =SUM('Raw data Pt'!F26:G26,'Raw data Pt'!N26:Q26) -> 0 | C25: ='Raw data Pt'!H26 -> 0 | D25: =SUM('Raw data Pt'!I26:J26,'Raw data Pt'!R26) -> 0 | E25: =SUM('Raw data Pt'!P26:Q26,'Raw data Pt'!S26:T26) -> 0 | F25: =SUM('Raw data Pt'!U26:W26) -> 0 | G25: =SUM('Raw data Pt'!Y26:AE26) -> 0 | H25: =SUM('Raw data Pt'!AF26:AH26) -> 0 | I25: =SUM('Raw data Pt'!K26:M26,'Raw data Pt'!AI26:AM26) -> 0 | J25: =SUM('Raw data Pt'!F26:W26,'Raw data Pt'!Y26:AM26) -> 0
B26: =SUM('Raw data Pt'!F27:G27,'Raw data Pt'!N27:Q27) -> 0 | C26: ='Raw data Pt'!H27 -> 0 | D26: =SUM('Raw data Pt'!I27:J27,'Raw data Pt'!R27) -> 0 | E26: =SUM('Raw data Pt'!P27:Q27,'Raw data Pt'!S27:T27) -> 0 | F26: =SUM('Raw data Pt'!U27:W27) -> 0 | G26: =SUM('Raw data Pt'!Y27:AE27) -> 0 | H26: =SUM('Raw data Pt'!AF27:AH27) -> 0 | I26: =SUM('Raw data Pt'!K27:M27,'Raw data Pt'!AI27:AM27) -> 0 | J26: =SUM('Raw data Pt'!F27:W27,'Raw data Pt'!Y27:AM27) -> 0
B27: =SUM('Raw data Pt'!F28:G28,'Raw data Pt'!N28:Q28) -> 0 | C27: ='Raw data Pt'!H28 -> 0 | D27: =SUM('Raw data Pt'!I28:J28,'Raw data Pt'!R28) -> 0 | E27: =SUM('Raw data Pt'!P28:Q28,'Raw data Pt'!S28:T28) -> 0 | F27: =SUM('Raw data Pt'!U28:W28) -> 0 | G27: =SUM('Raw data Pt'!Y28:AE28) -> 0 | H27: =SUM('Raw data Pt'!AF28:AH28) -> 0 | I27: =SUM('Raw data Pt'!K28:M28,'Raw data Pt'!AI28:AM28) -> 0 | J27: =SUM('Raw data Pt'!F28:W28,'Raw data Pt'!Y28:AM28) -> 0
B28: =SUM('Raw data Pt'!F29:G29,'Raw data Pt'!N29:Q29) -> 0 | C28: ='Raw data Pt'!H29 -> 0 | D28: =SUM('Raw data Pt'!I29:J29,'Raw data Pt'!R29) -> 0 | E28: =SUM('Raw data Pt'!P29:Q29,'Raw data Pt'!S29:T29) -> 0 | F28: =SUM('Raw data Pt'!U29:W29) -> 0 | G28: =SUM('Raw data Pt'!Y29:AE29) -> 0 | H28: =SUM('Raw data Pt'!AF29:AH29) -> 0 | I28: =SUM('Raw data Pt'!K29:M29,'Raw data Pt'!AI29:AM29) -> 0 | J28: =SUM('Raw data Pt'!F29:W29,'Raw data Pt'!Y29:AM29) -> 0
B29: =SUM('Raw data Pt'!F30:G30,'Raw data Pt'!N30:Q30) -> 0 | C29: ='Raw data Pt'!H30 -> 0 | D29: =SUM('Raw data Pt'!I30:J30,'Raw data Pt'!R30) -> 0 | E29: =SUM('Raw data Pt'!P30:Q30,'Raw data Pt'!S30:T30) -> 0 | F29: =SUM('Raw data Pt'!U30:W30) -> 0 | G29: =SUM('Raw data Pt'!Y30:AE30) -> 0 | H29: =SUM('Raw data Pt'!AF30:AH30) -> 0 | I29: =SUM('Raw data Pt'!K30:M30,'Raw data Pt'!AI30:AM30) -> 0 | J29: =SUM('Raw data Pt'!F30:W30,'Raw data Pt'!Y30:AM30) -> 0
B30: =SUM('Raw data Pt'!F31:G31,'Raw data Pt'!N31:Q31) -> 0 | C30: ='Raw data Pt'!H31 -> 0 | D30: =SUM('Raw data Pt'!I31:J31,'Raw data Pt'!R31) -> 0 | E30: =SUM('Raw data Pt'!P31:Q31,'Raw data Pt'!S31:T31) -> 0 | F30: =SUM('Raw data Pt'!U31:W31) -> 0 | G30: =SUM('Raw data Pt'!Y31:AE31) -> 0 | H30: =SUM('Raw data Pt'!AF31:AH31) -> 0 | I30: =SUM('Raw data Pt'!K31:M31,'Raw data Pt'!AI31:AM31) -> 0 | J30: =SUM('Raw data Pt'!F31:W31,'Raw data Pt'!Y31:AM31) -> 0
B31: =SUM('Raw data Pt'!F32:G32,'Raw data Pt'!N32:Q32) -> 0 | C31: ='Raw data Pt'!H32 -> 0 | D31: =SUM('Raw data Pt'!I32:J32,'Raw data Pt'!R32) -> 0 | E31: =SUM('Raw data Pt'!P32:Q32,'Raw data Pt'!S32:T32) -> 0 | F31: =SUM('Raw data Pt'!U32:W32) -> 0 | G31: =SUM('Raw data Pt'!Y32:AE32) -> 0 | H31: =SUM('Raw data Pt'!AF32:AH32) -> 0 | I31: =SUM('Raw data Pt'!K32:M32,'Raw data Pt'!AI32:AM32) -> 0 | J31: =SUM('Raw data Pt'!F32:W32,'Raw data Pt'!Y32:AM32) -> 0
B32: =SUM('Raw data Pt'!F33:G33,'Raw data Pt'!N33:Q33) -> 0 | C32: ='Raw data Pt'!H33 -> 0 | D32: =SUM('Raw data Pt'!I33:J33,'Raw data Pt'!R33) -> 0 | E32: =SUM('Raw data Pt'!P33:Q33,'Raw data Pt'!S33:T33) -> 0 | F32: =SUM('Raw data Pt'!U33:W33) -> 0 | G32: =SUM('Raw data Pt'!Y33:AE33) -> 0 | H32: =SUM('Raw data Pt'!AF33:AH33) -> 0 | I32: =SUM('Raw data Pt'!K33:M33,'Raw data Pt'!AI33:AM33) -> 0 | J32: =SUM('Raw data Pt'!F33:W33,'Raw data Pt'!Y33:AM33) -> 0
B33: =SUM('Raw data Pt'!F34:G34,'Raw data Pt'!N34:Q34) -> 0 | C33: ='Raw data Pt'!H34 -> 0 | D33: =SUM('Raw data Pt'!I34:J34,'Raw data Pt'!R34) -> 0 | E33: =SUM('Raw data Pt'!P34:Q34,'Raw data Pt'!S34:T34) -> 0 | F33: =SUM('Raw data Pt'!U34:W34) -> 0 | G33: =SUM('Raw data Pt'!Y34:AE34) -> 0 | H33: =SUM('Raw data Pt'!AF34:AH34) -> 0 | I33: =SUM('Raw data Pt'!K34:M34,'Raw data Pt'!AI34:AM34) -> 0 | J33: =SUM('Raw data Pt'!F34:W34,'Raw data Pt'!Y34:AM34) -> 0
... B35: =SUM('Raw data Pt'!F36:G36,'Raw data Pt'!N36:Q36) -> 0 | C35: ='Raw data Pt'!H36 -> 0 | D35: =SUM('Raw data Pt'!I36:J36,'Raw data Pt'!R36) -> 0 | E35: =SUM('Raw data Pt'!P36:Q36,'Raw data Pt'!S36:T36) -> 0 | F35: =SUM('Raw data Pt'!U36:W36) -> 0 | G35: =SUM('Raw data Pt'!Y36:AE36) -> 0 | H35: =SUM('Raw data Pt'!AF36:AH36) -> 0 | I35: =SUM('Raw data Pt'!K36:M36,'Raw data Pt'!AI36:AM36) -> 0 | J35: =SUM('Raw data Pt'!F36:W36,'Raw data Pt'!Y36:AM36) -> 0
